reservation_id,guest_name,room_number,event_time,sim_time,staff_id,action,staff_flagged_anomalous,in_attack_window,Enriched_TTP,Threat_Context
R1000,Allison Hill,157,2026-08-01 11:38:25,41905,U0002,folio_update,False,False,T1566.001,Hospitality Sector Initial Access Vector
R1001,Noah Rhodes,214,2026-08-01 04:27:29,16049,U0009,checkin,False,False,T1566.001,Hospitality Sector Initial Access Vector
R1002,Angie Henderson,379,2026-08-01 12:19:08,44348,U0006,key_reissue,False,False,T1566.001,Hospitality Sector Initial Access Vector
R1003,Daniel Wagner,115,2026-08-01 00:34:42,2082,U0006,checkout,False,False,T1566.001,Hospitality Sector Initial Access Vector
R1004,Cristian Santos,358,2026-08-01 04:14:07,15247,U0039,checkin,False,False,T1566.001,Hospitality Sector Initial Access Vector
R1005,Connie Lawrence,201,2026-08-01 10:13:01,36781,U0046,key_reissue,False,False,T1566.001,Hospitality Sector Initial Access Vector
R1006,Abigail Shaffer,329,2026-08-01 04:00:46,14446,U0038,folio_update,False,False,T1566.001,Hospitality Sector Initial Access Vector
R1007,Gina Moore,181,2026-08-01 00:07:05,425,U0045,key_reissue,False,False,T1566.001,Hospitality Sector Initial Access Vector
R1008,Gabrielle Davis,242,2026-08-01 06:11:38,22298,U0010,checkout,False,False,T1566.001,Hospitality Sector Initial Access Vector
R1009,Ryan Munoz,152,2026-08-01 06:07:39,22059,U0006,key_reissue,False,False,T1566.001,Hospitality Sector Initial Access Vector
R1010,Monica Herrera,283,2026-08-01 01:45:38,6338,U0055,folio_update,False,False,T1566.001,Hospitality Sector Initial Access Vector
R1011,Jamie Arnold,235,2026-08-01 10:59:25,39565,U0052,checkin,False,False,T1566.001,Hospitality Sector Initial Access Vector
R1012,Lisa Hensley,335,2026-08-01 13:17:03,47823,U0035,checkin,False,False,T1566.001,Hospitality Sector Initial Access Vector
R1013,Michele Williams,140,2026-08-01 06:53:27,24807,U0036,folio_update,False,False,T1566.001,Hospitality Sector Initial Access Vector
R1014,Dylan Miller,416,2026-08-01 11:26:38,41198,U0057,folio_update,False,False,T1566.001,Hospitality Sector Initial Access Vector
R1015,Brian Ramirez,198,2026-08-01 10:30:37,37837,U0046,checkin,False,False,T1566.001,Hospitality Sector Initial Access Vector
R1016,Holly Wood,438,2026-08-01 00:50:03,3003,U0015,folio_update,False,False,T1566.001,Hospitality Sector Initial Access Vector
R1017,Derek Zuniga,219,2026-08-01 01:27:09,5229,U0056,checkin,False,False,T1566.001,Hospitality Sector Initial Access Vector
R1018,Lisa Jackson,242,2026-08-01 06:55:11,24911,U0030,folio_update,False,False,T1566.001,Hospitality Sector Initial Access Vector
R1019,Carla Gray,289,2026-08-01 02:57:39,10659,U0023,checkout,False,False,T1566.001,Hospitality Sector Initial Access Vector
R1020,Margaret Hawkins DDS,236,2026-08-01 12:12:00,43920,U0045,checkin,False,False,T1566.001,Hospitality Sector Initial Access Vector
R1021,Patty Perez,425,2026-08-01 11:05:20,39920,U0011,checkout,False,False,T1566.001,Hospitality Sector Initial Access Vector
R1022,Ethan Adams,336,2026-08-01 02:58:28,10708,U0025,folio_update,False,False,T1566.001,Hospitality Sector Initial Access Vector
R1023,Tommy Walter,385,2026-08-01 11:39:03,41943,U0015,folio_update,False,False,T1566.001,Hospitality Sector Initial Access Vector
R1024,Matthew Foster,217,2026-08-01 01:01:05,3665,U0053,checkin,False,False,T1566.001,Hospitality Sector Initial Access Vector
R1025,Judy Baker,305,2026-08-01 05:44:33,20673,U0018,checkin,False,False,T1566.001,Hospitality Sector Initial Access Vector
R1026,Justin Baker,390,2026-08-01 03:50:26,13826,U0057,folio_update,False,False,T1566.001,Hospitality Sector Initial Access Vector
R1027,Stephanie Ross,435,2026-08-01 03:52:14,13934,U0032,key_reissue,False,False,T1566.001,Hospitality Sector Initial Access Vector
R1028,Zachary Hicks,334,2026-08-01 11:42:09,42129,U0010,folio_update,False,False,T1566.001,Hospitality Sector Initial Access Vector
R1029,Anthony Rodriguez,226,2026-08-01 02:32:30,9150,U0048,folio_update,False,False,T1566.001,Hospitality Sector Initial Access Vector
R1030,Rebecca Henderson,399,2026-08-01 13:35:56,48956,U0028,key_reissue,False,False,T1566.001,Hospitality Sector Initial Access Vector
R1031,James Ferrell,212,2026-08-01 06:35:23,23723,U0009,key_reissue,False,False,T1566.001,Hospitality Sector Initial Access Vector
R1032,Tricia Valencia,124,2026-08-01 01:39:17,5957,U0056,checkin,False,False,T1566.001,Hospitality Sector Initial Access Vector
R1033,Nathan Maldonado,421,2026-08-01 02:46:56,10016,U0011,key_reissue,False,False,T1566.001,Hospitality Sector Initial Access Vector
R1034,Debra Davidson,132,2026-08-01 10:51:26,39086,U0025,key_reissue,False,False,T1566.001,Hospitality Sector Initial Access Vector
R1035,Jeffrey Chavez,339,2026-08-01 10:50:52,39052,U0034,folio_update,False,False,T1566.001,Hospitality Sector Initial Access Vector
R1036,Sherri Baker,105,2026-08-01 10:04:16,36256,U0044,checkin,False,False,T1566.001,Hospitality Sector Initial Access Vector
R1037,Cassandra Gaines,374,2026-08-01 12:24:36,44676,U0049,folio_update,False,False,T1566.001,Hospitality Sector Initial Access Vector
R1038,Elizabeth Fowler,274,2026-08-01 11:40:06,42006,U0008,folio_update,False,False,T1566.001,Hospitality Sector Initial Access Vector
R1039,Brittany Farmer,180,2026-08-01 07:54:52,28492,U0030,checkin,False,False,T1566.001,Hospitality Sector Initial Access Vector
R1040,Paula Moreno,234,2026-08-01 13:08:43,47323,U0033,checkout,False,False,T1566.001,Hospitality Sector Initial Access Vector
R1041,Fred Smith,154,2026-08-01 09:14:31,33271,U0056,folio_update,False,False,T1566.001,Hospitality Sector Initial Access Vector
R1042,Sherry Decker,359,2026-08-01 11:37:54,41874,U0039,checkout,False,False,T1566.001,Hospitality Sector Initial Access Vector
R1043,Anthony Humphrey,291,2026-08-01 02:46:56,10016,U0049,checkout,False,False,T1566.001,Hospitality Sector Initial Access Vector
R1044,Angelica Tucker,371,2026-08-01 09:49:08,35348,U0059,checkin,False,False,T1566.001,Hospitality Sector Initial Access Vector
R1045,Philip Cannon,265,2026-08-01 10:54:12,39252,U0032,checkin,False,False,T1566.001,Hospitality Sector Initial Access Vector
R1046,John Pierce,285,2026-08-01 02:02:11,7331,U0057,folio_update,False,False,T1566.001,Hospitality Sector Initial Access Vector
R1047,Shane Henderson,129,2026-08-01 04:21:32,15692,U0016,checkin,False,False,T1566.001,Hospitality Sector Initial Access Vector
R1048,Joshua Blair,348,2026-08-01 01:33:33,5613,U0053,checkin,False,False,T1566.001,Hospitality Sector Initial Access Vector
R1049,Eric Carney,372,2026-08-01 13:50:46,49846,U0050,checkout,False,False,T1566.001,Hospitality Sector Initial Access Vector
R1050,Jessica Holmes,437,2026-08-01 02:20:14,8414,U0031,checkout,False,False,T1566.001,Hospitality Sector Initial Access Vector
R1051,Danny Morgan,370,2026-08-01 04:49:30,17370,U0056,key_reissue,False,False,T1566.001,Hospitality Sector Initial Access Vector
R1052,Crystal Robinson,376,2026-08-01 03:51:20,13880,U0049,checkout,False,False,T1566.001,Hospitality Sector Initial Access Vector
R1053,Mark Perez,259,2026-08-01 12:58:43,46723,U0026,folio_update,False,False,T1566.001,Hospitality Sector Initial Access Vector
R1054,Shannon Jones,364,2026-08-01 07:58:31,28711,U0029,checkin,False,False,T1566.001,Hospitality Sector Initial Access Vector
R1055,Michael Lewis,215,2026-08-01 04:30:46,16246,U0005,folio_update,False,False,T1566.001,Hospitality Sector Initial Access Vector
R1056,Timothy Duncan,401,2026-08-01 00:22:58,1378,U0036,checkout,False,False,T1566.001,Hospitality Sector Initial Access Vector
R1057,Richard Aguirre,212,2026-08-01 10:42:44,38564,U0001,checkin,False,False,T1566.001,Hospitality Sector Initial Access Vector
R1058,Brent Jordan,423,2026-08-01 12:53:09,46389,U0004,checkout,False,False,T1566.001,Hospitality Sector Initial Access Vector
R1059,John Daniel,116,2026-08-01 01:13:37,4417,U0056,folio_update,False,False,T1566.001,Hospitality Sector Initial Access Vector
R1060,Victoria Garcia,363,2026-08-01 01:17:23,4643,U0016,folio_update,False,False,T1566.001,Hospitality Sector Initial Access Vector
R1061,Gerald Hensley,348,2026-08-01 12:10:42,43842,U0014,checkout,False,False,T1566.001,Hospitality Sector Initial Access Vector
R1062,Connor West,392,2026-08-01 13:10:05,47405,U0037,key_reissue,False,False,T1566.001,Hospitality Sector Initial Access Vector
R1063,Donald Wright,342,2026-08-01 04:25:25,15925,U0052,key_reissue,False,False,T1566.001,Hospitality Sector Initial Access Vector
R1064,Jessica Callahan,148,2026-08-01 03:27:58,12478,U0007,key_reissue,False,False,T1566.001,Hospitality Sector Initial Access Vector
R1065,Amber Kidd,316,2026-08-01 06:26:59,23219,U0027,key_reissue,False,False,T1566.001,Hospitality Sector Initial Access Vector
R1066,Tracy House,127,2026-08-01 13:16:20,47780,U0044,checkin,False,False,T1566.001,Hospitality Sector Initial Access Vector
R1067,Carol Tucker,306,2026-08-01 01:06:12,3972,U0047,folio_update,False,False,T1566.001,Hospitality Sector Initial Access Vector
R1068,James Brown,227,2026-08-01 01:59:21,7161,U0013,checkout,False,False,T1566.001,Hospitality Sector Initial Access Vector
R1069,William Baker,329,2026-08-01 09:45:46,35146,U0009,key_reissue,False,False,T1566.001,Hospitality Sector Initial Access Vector
R1070,Jordan Henderson,242,2026-08-01 03:20:25,12025,U0030,checkout,False,False,T1566.001,Hospitality Sector Initial Access Vector
R1071,Whitney Peters,326,2026-08-01 01:22:20,4940,U0052,checkin,False,False,T1566.001,Hospitality Sector Initial Access Vector
R1072,Brittney Phillips,433,2026-08-01 00:55:15,3315,U0035,checkin,False,False,T1566.001,Hospitality Sector Initial Access Vector
R1073,Lauren Daniels,221,2026-08-01 01:41:52,6112,U0011,key_reissue,False,False,T1566.001,Hospitality Sector Initial Access Vector
R1074,Amy Silva,346,2026-08-01 08:50:26,31826,U0014,key_reissue,False,False,T1566.001,Hospitality Sector Initial Access Vector
R1075,Sarah Moore,184,2026-08-01 01:04:02,3842,U0025,checkin,False,False,T1566.001,Hospitality Sector Initial Access Vector
R1076,Angela Lopez,235,2026-08-01 07:06:26,25586,U0051,key_reissue,False,False,T1566.001,Hospitality Sector Initial Access Vector
R1077,Megan Young,316,2026-08-01 05:11:34,18694,U0045,key_reissue,False,False,T1566.001,Hospitality Sector Initial Access Vector
R1078,Steve Sanchez,197,2026-08-01 02:49:04,10144,U0019,checkout,False,False,T1566.001,Hospitality Sector Initial Access Vector
R1079,Lisa Barnes,396,2026-08-01 01:03:52,3832,U0048,checkin,False,False,T1566.001,Hospitality Sector Initial Access Vector
R1080,Kelly Donovan,260,2026-08-01 13:36:59,49019,U0004,checkin,False,False,T1566.001,Hospitality Sector Initial Access Vector
R1081,Mike Allen,344,2026-08-01 10:38:04,38284,U0033,checkout,False,False,T1566.001,Hospitality Sector Initial Access Vector
R1082,Michael Evans,360,2026-08-01 01:02:07,3727,U0006,checkout,False,False,T1566.001,Hospitality Sector Initial Access Vector
R1083,Paul Jones,404,2026-08-01 01:14:50,4490,U0005,checkout,False,False,T1566.001,Hospitality Sector Initial Access Vector
R1084,Zachary Ferrell,161,2026-08-01 07:21:01,26461,U0057,checkout,False,False,T1566.001,Hospitality Sector Initial Access Vector
R1085,Daniel Baker,404,2026-08-01 10:32:20,37940,U0003,checkin,False,False,T1566.001,Hospitality Sector Initial Access Vector
R1086,Shirley Suarez,436,2026-08-01 07:37:54,27474,U0038,folio_update,False,False,T1566.001,Hospitality Sector Initial Access Vector
R1087,Christopher Bass,204,2026-08-01 04:44:49,17089,U0043,folio_update,False,False,T1566.001,Hospitality Sector Initial Access Vector
R1088,Lisa Archer,235,2026-08-01 04:20:42,15642,U0026,checkout,False,False,T1566.001,Hospitality Sector Initial Access Vector
R1089,Aimee Montoya,430,2026-08-01 12:13:39,44019,U0020,key_reissue,False,False,T1566.001,Hospitality Sector Initial Access Vector
R1090,Matthew Mcmillan,137,2026-08-01 05:45:20,20720,U0001,key_reissue,False,False,T1566.001,Hospitality Sector Initial Access Vector
R1091,Brian Rodriguez,388,2026-08-01 11:18:28,40708,U0007,checkin,False,False,T1566.001,Hospitality Sector Initial Access Vector
R1092,Denise Jacobs,209,2026-08-01 09:47:14,35234,U0033,folio_update,False,False,T1566.001,Hospitality Sector Initial Access Vector
R1093,Christina Walters,278,2026-08-01 02:24:40,8680,U0057,checkin,False,False,T1566.001,Hospitality Sector Initial Access Vector
R1094,John Whitehead,289,2026-08-01 04:26:49,16009,U0019,checkout,False,False,T1566.001,Hospitality Sector Initial Access Vector
R1095,Anna Henderson,378,2026-08-01 07:58:36,28716,U0046,folio_update,False,False,T1566.001,Hospitality Sector Initial Access Vector
R1096,Aaron Wise,434,2026-08-01 11:08:06,40086,U0034,checkin,False,False,T1566.001,Hospitality Sector Initial Access Vector
R1097,Deborah Figueroa,383,2026-08-01 12:09:29,43769,U0020,checkin,False,False,T1566.001,Hospitality Sector Initial Access Vector
R1098,Jessica Smith,235,2026-08-01 02:26:40,8800,U0008,checkin,False,False,T1566.001,Hospitality Sector Initial Access Vector
R1099,Stephen Mckee,383,2026-08-01 13:30:55,48655,U0010,folio_update,False,False,T1566.001,Hospitality Sector Initial Access Vector
R1100,Sandra Aguilar,409,2026-08-01 05:07:45,18465,U0014,folio_update,False,False,T1566.001,Hospitality Sector Initial Access Vector
R1101,Cameron Parker,424,2026-08-01 03:42:22,13342,U0055,folio_update,False,False,T1566.001,Hospitality Sector Initial Access Vector
R1102,Rebecca Valencia,350,2026-08-01 09:12:02,33122,U0017,checkin,False,False,T1566.001,Hospitality Sector Initial Access Vector
R1103,Christine Wright,424,2026-08-01 01:40:48,6048,U0028,folio_update,False,False,T1566.001,Hospitality Sector Initial Access Vector
R1104,Richard Henson,101,2026-08-01 00:48:09,2889,U0022,checkout,False,False,T1566.001,Hospitality Sector Initial Access Vector
R1105,Marc Moore,234,2026-08-01 11:35:53,41753,U0011,key_reissue,False,False,T1566.001,Hospitality Sector Initial Access Vector
R1106,Sharon Cherry,318,2026-08-01 10:02:34,36154,U0036,checkin,False,False,T1566.001,Hospitality Sector Initial Access Vector
R1107,Sierra Johnson,138,2026-08-01 02:02:11,7331,U0057,checkout,False,False,T1566.001,Hospitality Sector Initial Access Vector
R1108,Evelyn Galvan,118,2026-08-01 09:55:55,35755,U0054,folio_update,False,False,T1566.001,Hospitality Sector Initial Access Vector
R1109,Sharon Cochran,382,2026-08-01 10:36:15,38175,U0010,key_reissue,False,False,T1566.001,Hospitality Sector Initial Access Vector
R1110,Richard Rodriguez,121,2026-08-01 02:19:12,8352,U0020,folio_update,False,False,T1566.001,Hospitality Sector Initial Access Vector
R1111,Shannon Walker,283,2026-08-01 00:43:34,2614,U0014,checkout,False,False,T1566.001,Hospitality Sector Initial Access Vector
R1112,Julia Torres,152,2026-08-01 12:08:28,43708,U0023,key_reissue,False,False,T1566.001,Hospitality Sector Initial Access Vector
R1113,Crystal Johnson,179,2026-08-01 11:17:55,40675,U0016,checkout,False,False,T1566.001,Hospitality Sector Initial Access Vector
R1114,Garrett Lin,311,2026-08-01 03:13:23,11603,U0002,checkout,False,False,T1566.001,Hospitality Sector Initial Access Vector
R1115,Diana May,270,2026-08-01 13:24:31,48271,U0051,key_reissue,False,False,T1566.001,Hospitality Sector Initial Access Vector
R1116,William Herrera,227,2026-08-01 12:11:43,43903,U0018,checkout,False,False,T1566.001,Hospitality Sector Initial Access Vector
R1117,Ashley Waller,155,2026-08-01 12:45:58,45958,U0025,checkin,False,False,T1566.001,Hospitality Sector Initial Access Vector
R1118,Victor Baker,213,2026-08-01 08:34:07,30847,U0013,key_reissue,False,False,T1566.001,Hospitality Sector Initial Access Vector
R1119,Jeffrey Chandler,256,2026-08-01 06:21:55,22915,U0053,checkout,False,False,T1566.001,Hospitality Sector Initial Access Vector
R1120,Larry Dixon,112,2026-08-01 04:03:29,14609,U0043,checkout,False,False,T1566.001,Hospitality Sector Initial Access Vector
R1121,Kenneth Scott,268,2026-08-01 07:15:13,26113,U0018,checkin,False,False,T1566.001,Hospitality Sector Initial Access Vector
R1122,April Frost,279,2026-08-01 05:04:52,18292,U0042,key_reissue,False,False,T1566.001,Hospitality Sector Initial Access Vector
R1123,Michelle Harmon,374,2026-08-01 12:22:12,44532,U0022,checkin,False,False,T1566.001,Hospitality Sector Initial Access Vector
R1124,Helen Jones,233,2026-08-01 02:05:59,7559,U0012,folio_update,False,False,T1566.001,Hospitality Sector Initial Access Vector
R1125,Erin Edwards,155,2026-08-01 00:41:47,2507,U0039,key_reissue,False,False,T1566.001,Hospitality Sector Initial Access Vector
R1126,Michelle Evans,260,2026-08-01 06:17:34,22654,U0028,checkin,False,False,T1566.001,Hospitality Sector Initial Access Vector
R1127,Jason Powell,395,2026-08-01 07:00:44,25244,U0013,folio_update,False,False,T1566.001,Hospitality Sector Initial Access Vector
R1128,Cameron Fisher,323,2026-08-01 00:48:28,2908,U0001,checkout,False,False,T1566.001,Hospitality Sector Initial Access Vector
R1129,Megan Orr,320,2026-08-01 06:37:49,23869,U0005,folio_update,False,False,T1566.001,Hospitality Sector Initial Access Vector
R1130,Elizabeth Kelley,260,2026-08-01 11:20:39,40839,U0043,checkin,False,False,T1566.001,Hospitality Sector Initial Access Vector
R1131,Dustin Jordan,253,2026-08-01 13:06:09,47169,U0033,folio_update,False,False,T1566.001,Hospitality Sector Initial Access Vector
R1132,Mary Marshall,309,2026-08-01 12:08:25,43705,U0021,key_reissue,False,False,T1566.001,Hospitality Sector Initial Access Vector
R1133,Daniel Kennedy,251,2026-08-01 12:41:32,45692,U0036,checkout,False,False,T1566.001,Hospitality Sector Initial Access Vector
R1134,Rebecca Jackson,315,2026-08-01 03:29:32,12572,U0043,key_reissue,False,False,T1566.001,Hospitality Sector Initial Access Vector
R1135,Jose Schultz,189,2026-08-01 12:19:48,44388,U0040,folio_update,False,False,T1566.001,Hospitality Sector Initial Access Vector
R1136,Robert Potter,380,2026-08-01 07:23:32,26612,U0054,checkin,False,False,T1566.001,Hospitality Sector Initial Access Vector
R1137,Courtney Gonzalez,246,2026-08-01 05:31:54,19914,U0014,key_reissue,False,False,T1566.001,Hospitality Sector Initial Access Vector
R1138,David Alvarez,410,2026-08-01 10:33:29,38009,U0042,folio_update,False,False,T1566.001,Hospitality Sector Initial Access Vector
R1139,Angel Perry,326,2026-08-01 08:27:53,30473,U0029,checkout,False,False,T1566.001,Hospitality Sector Initial Access Vector
R1140,Cheyenne Horton,342,2026-08-01 09:18:20,33500,U0051,checkout,False,False,T1566.001,Hospitality Sector Initial Access Vector
R1141,David Douglas Jr.,143,2026-08-01 11:59:38,43178,U0019,folio_update,False,False,T1566.001,Hospitality Sector Initial Access Vector
R1142,Patricia Rodriguez,220,2026-08-01 01:42:00,6120,U0044,folio_update,False,False,T1566.001,Hospitality Sector Initial Access Vector
R1143,Christopher Rubio,201,2026-08-01 04:05:22,14722,U0010,checkin,False,False,T1566.001,Hospitality Sector Initial Access Vector
R1144,Amber Wright,225,2026-08-01 00:50:28,3028,U0031,checkin,False,False,T1566.001,Hospitality Sector Initial Access Vector
R1145,Joyce Solis,312,2026-08-01 08:17:26,29846,U0057,checkout,False,False,T1566.001,Hospitality Sector Initial Access Vector
R1146,Victoria Larson,296,2026-08-01 13:04:37,47077,U0032,key_reissue,False,False,T1566.001,Hospitality Sector Initial Access Vector
R1147,Stephanie Salazar,175,2026-08-01 04:26:29,15989,U0042,checkin,False,False,T1566.001,Hospitality Sector Initial Access Vector
R1148,Kathy Rivas,154,2026-08-01 13:40:15,49215,U0050,key_reissue,False,False,T1566.001,Hospitality Sector Initial Access Vector
R1149,Stephanie Manning,190,2026-08-01 03:59:01,14341,U0052,key_reissue,False,False,T1566.001,Hospitality Sector Initial Access Vector
R1150,David Wright,385,2026-08-01 00:54:51,3291,U0016,checkin,False,False,T1566.001,Hospitality Sector Initial Access Vector
R1151,Pamela Boyd,168,2026-08-01 08:18:34,29914,U0052,key_reissue,False,False,T1566.001,Hospitality Sector Initial Access Vector
R1152,Denise Jones,371,2026-08-01 12:09:10,43750,U0036,folio_update,False,False,T1566.001,Hospitality Sector Initial Access Vector
R1153,Devon Flores,326,2026-08-01 13:44:56,49496,U0040,key_reissue,False,False,T1566.001,Hospitality Sector Initial Access Vector
R1154,Brenda Hall,328,2026-08-01 09:58:25,35905,U0058,checkout,False,False,T1566.001,Hospitality Sector Initial Access Vector
R1155,Michelle Brown,343,2026-08-01 13:32:16,48736,U0029,folio_update,False,False,T1566.001,Hospitality Sector Initial Access Vector
R1156,Joshua Perry,226,2026-08-01 13:41:08,49268,U0054,folio_update,False,False,T1566.001,Hospitality Sector Initial Access Vector
R1157,Jason Stein,348,2026-08-01 09:29:23,34163,U0041,checkout,False,False,T1566.001,Hospitality Sector Initial Access Vector
R1158,Melissa Gates,325,2026-08-01 04:59:56,17996,U0005,folio_update,False,False,T1566.001,Hospitality Sector Initial Access Vector
R1159,Jamie Smith,239,2026-08-01 04:16:07,15367,U0022,folio_update,False,False,T1566.001,Hospitality Sector Initial Access Vector
R1160,Paul Castaneda,141,2026-08-01 09:49:59,35399,U0009,checkout,False,False,T1566.001,Hospitality Sector Initial Access Vector
R1161,Jennifer Adkins,296,2026-08-01 04:12:35,15155,U0045,checkout,False,False,T1566.001,Hospitality Sector Initial Access Vector
R1162,Lindsey Walker,209,2026-08-01 12:51:35,46295,U0005,key_reissue,False,False,T1566.001,Hospitality Sector Initial Access Vector
R1163,Jeffrey Johnson,269,2026-08-01 07:25:12,26712,U0035,key_reissue,False,False,T1566.001,Hospitality Sector Initial Access Vector
R1164,Michael Powell,131,2026-08-01 07:34:08,27248,U0014,key_reissue,False,False,T1566.001,Hospitality Sector Initial Access Vector
R1165,John Anderson,399,2026-08-01 07:05:24,25524,U0045,checkin,False,False,T1566.001,Hospitality Sector Initial Access Vector
R1166,Alyssa Long,294,2026-08-01 10:28:48,37728,U0031,checkin,False,False,T1566.001,Hospitality Sector Initial Access Vector
R1167,Alyssa Day,252,2026-08-01 06:24:12,23052,U0049,key_reissue,False,False,T1566.001,Hospitality Sector Initial Access Vector
R1168,Joel Williams,375,2026-08-01 07:37:40,27460,U0048,checkout,False,False,T1566.001,Hospitality Sector Initial Access Vector
R1169,Daniel Murphy,212,2026-08-01 08:53:16,31996,U0018,key_reissue,False,False,T1566.001,Hospitality Sector Initial Access Vector
R1170,Jamie Walton,114,2026-08-01 08:50:27,31827,U0025,folio_update,False,False,T1566.001,Hospitality Sector Initial Access Vector
R1171,Darlene Miller,447,2026-08-01 12:10:35,43835,U0052,key_reissue,False,False,T1566.001,Hospitality Sector Initial Access Vector
R1172,Joshua Cooke,184,2026-08-01 13:10:59,47459,U0054,key_reissue,False,False,T1566.001,Hospitality Sector Initial Access Vector
R1173,Matthew Harrington,418,2026-08-01 02:19:24,8364,U0035,checkin,False,False,T1566.001,Hospitality Sector Initial Access Vector
R1174,Nicole Herring,403,2026-08-01 07:10:22,25822,U0037,checkin,False,False,T1566.001,Hospitality Sector Initial Access Vector
R1175,Alex Hernandez,429,2026-08-01 01:31:41,5501,U0028,checkout,False,False,T1566.001,Hospitality Sector Initial Access Vector
R1176,Michael Elliott,193,2026-08-01 08:24:17,30257,U0004,folio_update,False,False,T1566.001,Hospitality Sector Initial Access Vector
R1177,Michael Wang,267,2026-08-01 06:54:04,24844,U0014,key_reissue,False,False,T1566.001,Hospitality Sector Initial Access Vector
R1178,Lawrence Adkins,272,2026-08-01 05:57:00,21420,U0049,key_reissue,False,False,T1566.001,Hospitality Sector Initial Access Vector
R1179,Robert Oconnell,315,2026-08-01 05:03:55,18235,U0017,checkin,False,False,T1566.001,Hospitality Sector Initial Access Vector
R1180,Alexander Collins,109,2026-08-01 08:33:42,30822,U0048,checkin,False,False,T1566.001,Hospitality Sector Initial Access Vector
R1181,Tina Sanders,214,2026-08-01 06:22:15,22935,U0042,checkin,False,False,T1566.001,Hospitality Sector Initial Access Vector
R1182,Angela Vaughn,120,2026-08-01 11:51:53,42713,U0049,checkin,False,False,T1566.001,Hospitality Sector Initial Access Vector
R1183,Ashley Barton,202,2026-08-01 04:30:05,16205,U0054,checkin,False,False,T1566.001,Hospitality Sector Initial Access Vector
R1184,Lindsay Martinez,178,2026-08-01 11:18:39,40719,U0016,checkout,False,False,T1566.001,Hospitality Sector Initial Access Vector
R1185,Dr. Hannah Patterson,442,2026-08-01 08:37:15,31035,U0008,checkout,False,False,T1566.001,Hospitality Sector Initial Access Vector
R1186,Jonathan Peterson,231,2026-08-01 08:27:56,30476,U0050,folio_update,False,False,T1566.001,Hospitality Sector Initial Access Vector
R1187,Samantha Garcia,410,2026-08-01 03:03:16,10996,U0039,checkin,False,False,T1566.001,Hospitality Sector Initial Access Vector
R1188,Madison Poole,259,2026-08-01 02:58:52,10732,U0007,checkin,False,False,T1566.001,Hospitality Sector Initial Access Vector
R1189,Jessica Gross,394,2026-08-01 05:40:44,20444,U0044,key_reissue,False,False,T1566.001,Hospitality Sector Initial Access Vector
R1190,Debra Morton,201,2026-08-01 07:13:15,25995,U0005,checkout,False,False,T1566.001,Hospitality Sector Initial Access Vector
R1191,Karen Graham,254,2026-08-01 01:51:18,6678,U0055,checkin,False,False,T1566.001,Hospitality Sector Initial Access Vector
R1192,Debra Christian,121,2026-08-01 10:18:08,37088,U0023,key_reissue,False,False,T1566.001,Hospitality Sector Initial Access Vector
R1193,Angelica Keith,289,2026-08-01 12:02:33,43353,U0005,folio_update,False,False,T1566.001,Hospitality Sector Initial Access Vector
R1194,John Bishop,315,2026-08-01 00:13:49,829,U0053,key_reissue,False,False,T1566.001,Hospitality Sector Initial Access Vector
R1195,Allen Rosales,321,2026-08-01 01:55:16,6916,U0024,key_reissue,False,False,T1566.001,Hospitality Sector Initial Access Vector
R1196,Daniel Salinas,178,2026-08-01 12:52:34,46354,U0028,checkout,False,False,T1566.001,Hospitality Sector Initial Access Vector
R1197,Spencer Haynes,367,2026-08-01 13:21:30,48090,U0042,folio_update,False,False,T1566.001,Hospitality Sector Initial Access Vector
R1198,Adam Vaughan,375,2026-08-01 11:12:44,40364,U0050,key_reissue,False,False,T1566.001,Hospitality Sector Initial Access Vector
R1199,Nathan Freeman,323,2026-08-01 08:27:45,30465,U0053,folio_update,False,False,T1566.001,Hospitality Sector Initial Access Vector
R1200,Melissa Brewer,225,2026-08-01 05:52:02,21122,U0054,checkin,False,False,T1566.001,Hospitality Sector Initial Access Vector
R1201,Ricky Davis II,330,2026-08-01 05:04:39,18279,U0016,key_reissue,False,False,T1566.001,Hospitality Sector Initial Access Vector
R1202,Elizabeth Perkins,412,2026-08-01 10:22:25,37345,U0043,key_reissue,False,False,T1566.001,Hospitality Sector Initial Access Vector
R1203,Joseph Coleman,114,2026-08-01 06:07:26,22046,U0032,folio_update,False,False,T1566.001,Hospitality Sector Initial Access Vector
R1204,Erin Warner,349,2026-08-01 03:18:37,11917,U0014,folio_update,False,False,T1566.001,Hospitality Sector Initial Access Vector
R1205,David Martinez,274,2026-08-01 04:42:11,16931,U0018,folio_update,False,False,T1566.001,Hospitality Sector Initial Access Vector
R1206,Bryan Herrera,105,2026-08-01 10:07:04,36424,U0034,checkout,False,False,T1566.001,Hospitality Sector Initial Access Vector
R1207,Cathy Robinson,223,2026-08-01 01:33:30,5610,U0047,key_reissue,False,False,T1566.001,Hospitality Sector Initial Access Vector
R1208,Dr. William Warren,384,2026-08-01 08:53:39,32019,U0049,checkout,False,False,T1566.001,Hospitality Sector Initial Access Vector
R1209,Brian Lee,343,2026-08-01 12:34:19,45259,U0042,key_reissue,False,False,T1566.001,Hospitality Sector Initial Access Vector
R1210,Christopher Smith,108,2026-08-01 08:09:31,29371,U0006,folio_update,False,False,T1566.001,Hospitality Sector Initial Access Vector
R1211,Denise Mccann,307,2026-08-01 04:02:02,14522,U0045,checkout,False,False,T1566.001,Hospitality Sector Initial Access Vector
R1212,Melissa Martinez,439,2026-08-01 05:34:27,20067,U0038,folio_update,False,False,T1566.001,Hospitality Sector Initial Access Vector
R1213,Katherine Salas,383,2026-08-01 08:36:55,31015,U0034,folio_update,False,False,T1566.001,Hospitality Sector Initial Access Vector
R1214,Julie Alexander,381,2026-08-01 07:44:45,27885,U0022,folio_update,False,False,T1566.001,Hospitality Sector Initial Access Vector
R1215,Anthony Everett,332,2026-08-01 12:47:42,46062,U0018,folio_update,False,False,T1566.001,Hospitality Sector Initial Access Vector
R1216,Rodney Morales,218,2026-08-01 04:34:35,16475,U0008,checkout,False,False,T1566.001,Hospitality Sector Initial Access Vector
R1217,Mark Brown,161,2026-08-01 05:44:39,20679,U0048,checkout,False,False,T1566.001,Hospitality Sector Initial Access Vector
R1218,Justin Torres,210,2026-08-01 03:29:12,12552,U0048,key_reissue,False,False,T1566.001,Hospitality Sector Initial Access Vector
R1219,Bailey Duran DDS,401,2026-08-01 05:02:00,18120,U0049,folio_update,False,False,T1566.001,Hospitality Sector Initial Access Vector
R1220,Courtney Mills,199,2026-08-01 01:49:48,6588,U0019,checkout,False,False,T1566.001,Hospitality Sector Initial Access Vector
R1221,Jeremy Dalton,191,2026-08-01 06:34:10,23650,U0020,checkin,False,False,T1566.001,Hospitality Sector Initial Access Vector
R1222,Elizabeth Oliver DDS,373,2026-08-01 12:53:20,46400,U0009,folio_update,False,False,T1566.001,Hospitality Sector Initial Access Vector
R1223,Theresa Clark,127,2026-08-01 00:49:42,2982,U0036,folio_update,False,False,T1566.001,Hospitality Sector Initial Access Vector
R1224,Matthew Moore,164,2026-08-01 12:41:45,45705,U0041,key_reissue,False,False,T1566.001,Hospitality Sector Initial Access Vector
R1225,Benjamin Smith,106,2026-08-01 01:52:03,6723,U0037,folio_update,False,False,T1566.001,Hospitality Sector Initial Access Vector
R1226,Kirk Carter,345,2026-08-01 08:32:42,30762,U0029,folio_update,False,False,T1566.001,Hospitality Sector Initial Access Vector
R1227,Michael Warner,126,2026-08-01 03:21:22,12082,U0017,key_reissue,False,False,T1566.001,Hospitality Sector Initial Access Vector
R1228,Michael Bradshaw,133,2026-08-01 02:04:36,7476,U0026,key_reissue,False,False,T1566.001,Hospitality Sector Initial Access Vector
R1229,Lori Guerrero,395,2026-08-01 01:20:55,4855,U0041,checkin,False,False,T1566.001,Hospitality Sector Initial Access Vector
R1230,Jessica Stephens,176,2026-08-01 02:45:43,9943,U0052,folio_update,False,False,T1566.001,Hospitality Sector Initial Access Vector
R1231,Susan Serrano,227,2026-08-01 01:33:02,5582,U0008,key_reissue,False,False,T1566.001,Hospitality Sector Initial Access Vector
R1232,Christopher Parker,405,2026-08-01 11:02:15,39735,U0051,checkout,False,False,T1566.001,Hospitality Sector Initial Access Vector
R1233,Laura Roberts,294,2026-08-01 09:30:47,34247,U0029,key_reissue,False,False,T1566.001,Hospitality Sector Initial Access Vector
R1234,Michael Lyons,401,2026-08-01 05:24:47,19487,U0028,folio_update,False,False,T1566.001,Hospitality Sector Initial Access Vector
R1235,Kathryn Snyder,417,2026-08-01 10:21:05,37265,U0004,checkin,False,False,T1566.001,Hospitality Sector Initial Access Vector
R1236,Andrew Reynolds,206,2026-08-01 13:53:06,49986,U0041,checkout,False,False,T1566.001,Hospitality Sector Initial Access Vector
R1237,David Davis,438,2026-08-01 04:49:03,17343,U0006,checkout,False,False,T1566.001,Hospitality Sector Initial Access Vector
R1238,Sara Johnston,188,2026-08-01 04:21:59,15719,U0036,checkin,False,False,T1566.001,Hospitality Sector Initial Access Vector
R1239,Yvonne Chambers,101,2026-08-01 02:50:58,10258,U0027,key_reissue,False,False,T1566.001,Hospitality Sector Initial Access Vector
R1240,Andrew Avila,404,2026-08-01 12:32:58,45178,U0031,folio_update,False,False,T1566.001,Hospitality Sector Initial Access Vector
R1241,Matthew Moon,218,2026-08-01 00:35:39,2139,U0019,folio_update,False,False,T1566.001,Hospitality Sector Initial Access Vector
R1242,Kevin Walters,332,2026-08-01 12:47:50,46070,U0005,checkout,False,False,T1566.001,Hospitality Sector Initial Access Vector
R1243,Brandon Bailey MD,420,2026-08-01 04:48:57,17337,U0038,checkout,False,False,T1566.001,Hospitality Sector Initial Access Vector
R1244,Shannon Rivera,158,2026-08-01 07:44:21,27861,U0035,checkout,False,False,T1566.001,Hospitality Sector Initial Access Vector
R1245,Donna Landry,176,2026-08-01 11:47:23,42443,U0059,folio_update,False,False,T1566.001,Hospitality Sector Initial Access Vector
R1246,Krista Gibson,136,2026-08-01 02:35:21,9321,U0004,checkout,False,False,T1566.001,Hospitality Sector Initial Access Vector
R1247,Frank Cordova,404,2026-08-01 05:35:59,20159,U0048,folio_update,False,False,T1566.001,Hospitality Sector Initial Access Vector
R1248,Jose Travis,163,2026-08-01 07:59:40,28780,U0030,folio_update,False,False,T1566.001,Hospitality Sector Initial Access Vector
R1249,Kimberly Gutierrez,306,2026-08-01 12:44:17,45857,U0018,key_reissue,False,False,T1566.001,Hospitality Sector Initial Access Vector
R1250,Isaiah Avila,141,2026-08-01 07:58:08,28688,U0039,checkin,False,False,T1566.001,Hospitality Sector Initial Access Vector
R1251,Olivia Harris,265,2026-08-01 07:51:53,28313,U0039,folio_update,False,False,T1566.001,Hospitality Sector Initial Access Vector
R1252,Tanya Kim,146,2026-08-01 00:28:15,1695,U0015,checkin,False,False,T1566.001,Hospitality Sector Initial Access Vector
R1253,Barbara Dudley,237,2026-08-01 12:14:18,44058,U0037,checkin,False,False,T1566.001,Hospitality Sector Initial Access Vector
R1254,Cynthia Moore,189,2026-08-01 13:46:02,49562,U0031,key_reissue,False,False,T1566.001,Hospitality Sector Initial Access Vector
R1255,Kristen Davis,192,2026-08-01 05:03:49,18229,U0038,key_reissue,False,False,T1566.001,Hospitality Sector Initial Access Vector
R1256,Susan Murray MD,351,2026-08-01 11:33:21,41601,U0006,key_reissue,False,False,T1566.001,Hospitality Sector Initial Access Vector
R1257,Kathleen Moran,309,2026-08-01 06:20:03,22803,U0022,folio_update,False,False,T1566.001,Hospitality Sector Initial Access Vector
R1258,Denise Davenport,153,2026-08-01 12:11:57,43917,U0055,checkout,False,False,T1566.001,Hospitality Sector Initial Access Vector
R1259,Mrs. Kristen Reyes,310,2026-08-01 06:00:14,21614,U0045,key_reissue,False,False,T1566.001,Hospitality Sector Initial Access Vector
R1260,Katie Suarez,439,2026-08-01 05:14:48,18888,U0026,checkin,False,False,T1566.001,Hospitality Sector Initial Access Vector
R1261,Desiree Tyler,145,2026-08-01 08:16:47,29807,U0021,folio_update,False,False,T1566.001,Hospitality Sector Initial Access Vector
R1262,Timothy Romero,159,2026-08-01 05:53:06,21186,U0050,key_reissue,False,False,T1566.001,Hospitality Sector Initial Access Vector
R1263,Diane Evans,100,2026-08-01 09:22:04,33724,U0043,key_reissue,False,False,T1566.001,Hospitality Sector Initial Access Vector
R1264,Yvonne Burns,127,2026-08-01 07:31:22,27082,U0013,folio_update,False,False,T1566.001,Hospitality Sector Initial Access Vector
R1265,Joshua Reed,355,2026-08-01 11:20:04,40804,U0041,key_reissue,False,False,T1566.001,Hospitality Sector Initial Access Vector
R1266,Kimberly Gibson,126,2026-08-01 13:50:06,49806,U0014,folio_update,False,False,T1566.001,Hospitality Sector Initial Access Vector
R1267,Colin Terry,167,2026-08-01 09:59:53,35993,U0019,key_reissue,False,False,T1566.001,Hospitality Sector Initial Access Vector
R1268,Cynthia Rowe,348,2026-08-01 12:42:40,45760,U0008,checkin,False,False,T1566.001,Hospitality Sector Initial Access Vector
R1269,Patrick Thornton,411,2026-08-01 11:28:09,41289,U0052,checkout,False,False,T1566.001,Hospitality Sector Initial Access Vector
R1270,Jasmin Alvarado,181,2026-08-01 12:55:16,46516,U0020,checkin,False,False,T1566.001,Hospitality Sector Initial Access Vector
R1271,Veronica Simpson,308,2026-08-01 10:03:12,36192,U0006,checkout,False,False,T1566.001,Hospitality Sector Initial Access Vector
R1272,Jonathan Lawrence,336,2026-08-01 02:03:55,7435,U0008,checkout,False,False,T1566.001,Hospitality Sector Initial Access Vector
R1273,Shelly Alexander,249,2026-08-01 09:04:21,32661,U0033,folio_update,False,False,T1566.001,Hospitality Sector Initial Access Vector
R1274,Joyce Bowen,347,2026-08-01 07:33:49,27229,U0031,checkout,False,False,T1566.001,Hospitality Sector Initial Access Vector
R1275,Matthew Moore,382,2026-08-01 08:18:55,29935,U0010,key_reissue,False,False,T1566.001,Hospitality Sector Initial Access Vector
R1276,Wayne Morgan,406,2026-08-01 03:28:11,12491,U0033,checkout,False,False,T1566.001,Hospitality Sector Initial Access Vector
R1277,Marie Christian,241,2026-08-01 01:16:15,4575,U0050,key_reissue,False,False,T1566.001,Hospitality Sector Initial Access Vector
R1278,Shannon James,359,2026-08-01 06:11:14,22274,U0018,checkin,False,False,T1566.001,Hospitality Sector Initial Access Vector
R1279,Nathan Malone,252,2026-08-01 05:08:56,18536,U0054,key_reissue,False,False,T1566.001,Hospitality Sector Initial Access Vector
R1280,Amanda Jones,328,2026-08-01 02:42:18,9738,U0035,key_reissue,False,False,T1566.001,Hospitality Sector Initial Access Vector
R1281,Tammie Bright,270,2026-08-01 06:16:58,22618,U0036,key_reissue,False,False,T1566.001,Hospitality Sector Initial Access Vector
R1282,Jessica Garcia,264,2026-08-01 08:17:21,29841,U0056,checkout,False,False,T1566.001,Hospitality Sector Initial Access Vector
R1283,Shelia Wallace,222,2026-08-01 12:41:51,45711,U0037,key_reissue,False,False,T1566.001,Hospitality Sector Initial Access Vector
R1284,Stephanie Williams,310,2026-08-01 04:15:06,15306,U0003,folio_update,False,False,T1566.001,Hospitality Sector Initial Access Vector
R1285,Elaine Brooks,342,2026-08-01 13:33:24,48804,U0046,key_reissue,False,False,T1566.001,Hospitality Sector Initial Access Vector
R1286,Joseph Knight,439,2026-08-01 07:01:42,25302,U0051,checkout,False,False,T1566.001,Hospitality Sector Initial Access Vector
R1287,Carolyn Miller,118,2026-08-01 09:01:01,32461,U0009,folio_update,False,False,T1566.001,Hospitality Sector Initial Access Vector
R1288,Lisa Allen,325,2026-08-01 01:49:37,6577,U0007,key_reissue,False,False,T1566.001,Hospitality Sector Initial Access Vector
R1289,Briana Murray,173,2026-08-01 00:16:45,1005,U0027,checkout,False,False,T1566.001,Hospitality Sector Initial Access Vector
R1290,David Smith,340,2026-08-01 01:21:43,4903,U0051,folio_update,False,False,T1566.001,Hospitality Sector Initial Access Vector
R1291,Stephanie Byrd,419,2026-08-01 06:09:47,22187,U0045,key_reissue,False,False,T1566.001,Hospitality Sector Initial Access Vector
R1292,Jeremy Reed,141,2026-08-01 11:49:47,42587,U0055,folio_update,False,False,T1566.001,Hospitality Sector Initial Access Vector
R1293,Margaret Coleman,373,2026-08-01 12:16:34,44194,U0025,folio_update,False,False,T1566.001,Hospitality Sector Initial Access Vector
R1294,Ryan Gonzalez,349,2026-08-01 11:24:37,41077,U0056,checkin,False,False,T1566.001,Hospitality Sector Initial Access Vector
R1295,John Young,135,2026-08-01 11:14:25,40465,U0016,folio_update,False,False,T1566.001,Hospitality Sector Initial Access Vector
R1296,Laura Haney,146,2026-08-01 04:08:28,14908,U0028,checkin,False,False,T1566.001,Hospitality Sector Initial Access Vector
R1297,William Barrett,424,2026-08-01 13:50:31,49831,U0046,checkin,False,False,T1566.001,Hospitality Sector Initial Access Vector
R1298,Keith Jennings,185,2026-08-01 08:04:36,29076,U0045,folio_update,False,False,T1566.001,Hospitality Sector Initial Access Vector
R1299,Amber Obrien,123,2026-08-01 00:31:37,1897,U0021,checkin,False,False,T1566.001,Hospitality Sector Initial Access Vector
R9000,Tanner Mitchell DDS,283,2026-08-16 23:42:38,1381358,U0007,folio_update,False,True,T1566.001,Hospitality Sector Initial Access Vector
R9001,Heather Fields,320,2026-08-20 22:38:02,1723082,U0007,folio_update,False,True,T1566.001,Hospitality Sector Initial Access Vector
R9002,Megan Le,225,2026-08-09 19:30:48,761448,U0007,folio_update,False,True,T1566.001,Hospitality Sector Initial Access Vector
R9003,Sara Fuller,310,2026-08-28 12:45:58,2378758,U0007,folio_update,False,True,T1566.001,Hospitality Sector Initial Access Vector
R9004,Maria Parker,449,2026-08-30 05:15:59,2524559,U0007,folio_update,False,True,T1566.001,Hospitality Sector Initial Access Vector
R9005,Kevin Oconnor,187,2026-08-11 11:41:38,906098,U0007,folio_update,False,True,T1566.001,Hospitality Sector Initial Access Vector
